/fr/interventions/essentielle	200
/fr/interventions	200
/fr/audit	200
/fr/implementation	200
/fr/stack-ia	200
/fr/comparaisons	200
/fr/guide-ia	503
/fr/glossaire	200
/fr/blog	200
/fr/cas-concrets	200
/fr/faq	200
/fr/centre-aide	200
/fr/galerie	503
/fr/a-propos	200
/fr/methodologie	200
/fr/contact	200
/fr/roi	503
/fr/presse	503
/fr/implantations	200
/fr/implantations/ile-de-france	200
/fr/implantations/auvergne-rhone-alpes	200
/fr/implantations/occitanie	503
/fr/implantations/nouvelle-aquitaine	200
/fr/implantations/provence-alpes-cote-d-azur	503
/fr/implantations/hauts-de-france	503
/fr/implantations/ile-de-france/paris	200
/fr/audit/par-ville/paris	503
/fr/interventions/par-ville/paris	503
/fr/implementation/par-ville/paris	503
/fr/mentions-legales	503
/fr/conditions-generales	503
/fr/politique-confidentialite	503
/fr/accessibilite	503
/fr/cookies	503
/fr/rgpd	503
/sitemap.xml	503
/en/interventions/essential	503
/en/interventions	200
/en/audit	200
/en/implementation	200
/en/ai-stack	503
/en/comparisons	503
/en/ai-guide	503
/en/glossary	503
/en/blog	200
/en/case-studies	503
/en/faq	503
/en/help	503
/en/galerie	503
/en/about	503
/en/methodology	503
/en/contact	200
/en/roi	503
/en/press	503
/en/locations	503
/en/implantations/ile-de-france	503
/en/audit/par-ville/paris	503
/en/interventions/par-ville/paris	503
/en/implementation/par-ville/paris	503
/en/legal-notice	503
/en/terms	503
/en/privacy-policy	503
/en/accessibility	503
/en/cookies	503
/en/rgpd	503
