URL,Dernière exploration
https://axion-ia.com/ressources/industry_use_case/kb-fact-form-043-fr,2026-05-30
https://axion-ia.com/fr/implantations/auvergne-rhone-alpes/bourg-de-peage,2026-05-30
https://axion-ia.com/fr/implantations/auvergne-rhone-alpes/francheville,2026-05-30
https://axion-ia.com/fr/ia-evreux,2026-05-30
https://axion-ia.com/audit/*,2026-05-30
https://axion-ia.com/mes-donnees-1,2026-05-30
https://axion-ia.com/fr/ia-brignoles,2026-05-30
https://axion-ia.com/fr/audit/*,2026-05-30
https://axion-ia.com/fr/implantations/occitanie/fonsorbes,2026-05-30
https://axion-ia.com/fr/implantations/auvergne-rhone-alpes/grigny-sur-rhone,2026-05-28
https://axion-ia.com/fr/implantations/pays-de-la-loire/le-mans/sites-web-ia,2026-05-26
https://axion-ia.com/fr/implantations/normandie/bois-guillaume,2026-05-25
https://axion-ia.com/fr/implantations/hauts-de-france/merville,2026-05-25
https://axion-ia.com/fr/implantations/hauts-de-france/barlin,2026-05-25
https://axion-ia.com/fr/implantations/bretagne/arradon,2026-05-25
https://axion-ia.com/fr/implantations/auvergne-rhone-alpes/divonne-les-bains,2026-05-25
https://axion-ia.com/fr/implantations/centre-val-de-loire/gien,2026-05-25
https://axion-ia.com/fr/implantations/bourgogne-franche-comte/luxeuil-les-bains,2026-05-25
https://axion-ia.com/fr/implantations/centre-val-de-loire/le-blanc,2026-05-25
https://axion-ia.com/fr/implantations/bretagne/guipavas,2026-05-24
https://axion-ia.com/fr/implantations/auvergne-rhone-alpes/meximieux,2026-05-24
https://axion-ia.com/fr/ia-saint-ouen-sur-seine,2026-05-23
https://axion-ia.com/fr/ia-apt,2026-05-23
https://axion-ia.com/fr/ia-francheville,2026-05-23
https://axion-ia.com/ia-henin-beaumont,2026-05-23
https://axion-ia.com/fr/ia-neuville-sur-saone,2026-05-23
https://axion-ia.com/fr/un-a-un/par-ville/eysines,2026-05-23
https://axion-ia.com/ia-vence,2026-05-23
https://axion-ia.com/fr/ia-chalonnes-sur-loire,2026-05-22
https://axion-ia.com/fr/ia-vincennes,2026-05-22
https://axion-ia.com/fr/ia-saint-peray,2026-05-22
https://axion-ia.com/fr/un-a-un/par-ville/guipavas,2026-05-22
https://axion-ia.com/fr/ia-ploufragan,2026-05-22
https://axion-ia.com/fr/ia-aurillac,2026-05-22
https://axion-ia.com/fr/ia-neuves-maisons,2026-05-22
https://axion-ia.com/ia-noyal-chatillon-sur-seiche,2026-05-22
https://axion-ia.com/fr/ia-aurec-sur-loire,2026-05-22
https://axion-ia.com/fr/ia-fos-sur-mer,2026-05-22
https://axion-ia.com/fr/ia-toulouges,2026-05-22
https://axion-ia.com/fr/ia-migne-auxances,2026-05-22
https://axion-ia.com/fr/ia-lambersart,2026-05-22
https://axion-ia.com/fr/ia-carpentras,2026-05-22
https://axion-ia.com/fr/ia-saint-marcel-les-valence,2026-05-22
https://axion-ia.com/fr/ia-valreas,2026-05-22
https://axion-ia.com/fr/ia-montfermeil,2026-05-22
https://axion-ia.com/fr/ia-vence,2026-05-22
https://axion-ia.com/fr/ia-chaumes-en-retz,2026-05-22
https://axion-ia.com/fr/audit/par-ville/malzeville,2026-05-22
https://axion-ia.com/fr/ia-mondelange,2026-05-22
https://axion-ia.com/fr/ia-aiffres,2026-05-22
https://axion-ia.com/fr/ia-achicourt,2026-05-22
https://axion-ia.com/fr/audit/par-ville/balma,2026-05-22
https://axion-ia.com/fr/ia-chartres,2026-05-22
https://axion-ia.com/fr/ia-montluel,2026-05-22
https://axion-ia.com/fr/ia-chartres-de-bretagne,2026-05-22
https://axion-ia.com/fr/ia-frouzins,2026-05-22
https://axion-ia.com/fr/ia-lanester,2026-05-22
https://axion-ia.com/fr/ia-vendargues,2026-05-22
https://axion-ia.com/fr/ia-noyon,2026-05-22
https://axion-ia.com/fr/ia-esbly,2026-05-22
https://axion-ia.com/fr/ia-agen,2026-05-22
https://axion-ia.com/fr/ia-montigny-en-gohelle,2026-05-22
https://axion-ia.com/fr/ia-tassin-la-demi-lune,2026-05-22
https://axion-ia.com/fr/ia-evian-les-bains,2026-05-22
https://axion-ia.com/fr/ia-lieusaint,2026-05-22
https://axion-ia.com/fr/ia-saint-just-en-chaussee,2026-05-21
https://axion-ia.com/fr/ia-chennevieres-sur-marne,2026-05-21
https://axion-ia.com/fr/ia-chateauneuf-les-martigues,2026-05-21
https://axion-ia.com/fr/glossaire/golden-dataset,2026-05-21
https://axion-ia.com/fr/ia-montmorillon,2026-05-21
https://axion-ia.com/fr/ia-decines-charpieu,2026-05-21
https://axion-ia.com/fr/ia-villars-les-dombes,2026-05-21
https://axion-ia.com/fr/ia-bar-le-duc,2026-05-21
https://axion-ia.com/fr/ia-waziers,2026-05-21
https://axion-ia.com/fr/ia-noyal-chatillon-sur-seiche,2026-05-21
https://axion-ia.com/fr/ia-saint-julien-les-villas,2026-05-21
https://axion-ia.com/fr/ia-andernos-les-bains,2026-05-21
https://axion-ia.com/fr/ia-mennecy,2026-05-21
https://axion-ia.com/fr/ia-parempuyre,2026-05-21
https://axion-ia.com/fr/ia-farebersviller,2026-05-21
https://axion-ia.com/fr/ia-douarnenez,2026-05-21
https://axion-ia.com/fr/ia-henin-beaumont,2026-05-21
https://axion-ia.com/fr/ia-gauchy,2026-05-21
https://axion-ia.com/fr/ia-lannilis,2026-05-21
https://axion-ia.com/fr/ia-autun,2026-05-21
https://axion-ia.com/fr/ia-loos,2026-05-21
https://axion-ia.com/fr/ia-caumont-sur-durance,2026-05-21
https://axion-ia.com/fr/ia-saint-martin-lez-tatinghem,2026-05-21
https://axion-ia.com/fr/ia-dourges,2026-05-21
https://axion-ia.com/fr/ia-vaires-sur-marne,2026-05-21
https://axion-ia.com/fr/ia-sete,2026-05-21
https://axion-ia.com/fr/glossaire/semantic-search,2026-05-21
https://axion-ia.com/fr/implementation/par-ville/filliere,2026-05-20
https://axion-ia.com/fr/implementation/par-ville/sillingy,2026-05-20
https://axion-ia.com/fr/un-a-un/par-ville/vesoul,2026-05-20
https://axion-ia.com/fr/glossaire/agent,2026-05-19
https://axion-ia.com/fr/glossaire/vision-multimodal,2026-05-19
https://axion-ia.com/fr/glossaire/prompt-injection,2026-05-19
https://axion-ia.com/fr/glossaire/dpa,2026-05-19
https://axion-ia.com/fr/glossaire/tokens,2026-05-19
https://axion-ia.com/audit/demande-2,2026-05-18
https://axion-ia.com/audit/strategique-pme-2,2026-05-17
https://axion-ia.com/fr/recherche,2026-05-16
https://axion-ia.com/fr/mes-donnees,2026-05-16
https://axion-ia.com/en/implantations-1,2026-05-15
https://axion-ia.com/fr/implantations-1,2026-05-15
https://axion-ia.com/en/audit-1,2026-05-14
https://axion-ia.com/fr/audit-1,2026-05-14
https://axion-ia.com/audit-1,2026-05-14
https://axion-ia.com/implantations-1,2026-05-14
https://axion-ia.com/a-propos-1,2026-05-14
https://axion-ia.com/fr/blog/tag/quick-wins-2,2026-05-13
https://www.axion-ia.com/fr/implantations/provence-alpes-cote-d-azur/velaux,2026-05-13
https://www.axion-ia.com/fr/implantations/provence-alpes-cote-d-azur/saint-cannat,2026-05-12
https://www.axion-ia.com/fr/implantations/ile-de-france/gagny,2026-05-12
https://www.axion-ia.com/fr/implantations/auvergne-rhone-alpes/thoiry,2026-05-12
https://www.axion-ia.com/fr/implantations/ile-de-france/villeparisis,2026-05-12
https://www.axion-ia.com/fr/implantations/nouvelle-aquitaine/urrugne,2026-05-12
https://www.axion-ia.com/fr/implantations/ile-de-france/gargenville,2026-05-12
https://www.axion-ia.com/fr/implantations/ile-de-france/verneuil-sur-seine,2026-05-12
https://www.axion-ia.com/fr/implantations/ile-de-france/mitry-mory,2026-05-12
https://www.axion-ia.com/fr/implantations/nouvelle-aquitaine/saint-jean-de-luz,2026-05-12
https://www.axion-ia.com/fr/implantations/nouvelle-aquitaine/artigues-pres-bordeaux,2026-05-12
https://www.axion-ia.com/fr/implantations/ile-de-france/ezanville,2026-05-12
https://www.axion-ia.com/fr/implantations/nouvelle-aquitaine/saujon,2026-05-12
https://www.axion-ia.com/fr/implantations/bretagne/dinard,2026-05-12
https://www.axion-ia.com/fr/implantations/bretagne/bruz,2026-05-12
https://www.axion-ia.com/fr/implantations/bretagne/fouesnant,2026-05-12
https://www.axion-ia.com/fr/implantations/centre-val-de-loire/vendome,2026-05-12
https://www.axion-ia.com/fr/implantations/pays-de-la-loire/la-garnache,2026-05-12
https://www.axion-ia.com/fr/implantations/auvergne-rhone-alpes/montrond-les-bains,2026-05-12
https://www.axion-ia.com/fr/implantations/bretagne/pontivy,2026-05-12
https://www.axion-ia.com/fr/implantations/normandie/le-val-d-hazey,2026-05-12
https://www.axion-ia.com/fr/implantations/nouvelle-aquitaine/marmande,2026-05-12
https://www.axion-ia.com/fr/implantations/bretagne/saint-renan,2026-05-12
https://www.axion-ia.com/fr/implantations/normandie/vexin-sur-epte,2026-05-12
https://www.axion-ia.com/fr/implantations/centre-val-de-loire/amilly,2026-05-12
https://www.axion-ia.com/fr/implantations/centre-val-de-loire/orleans,2026-05-12
https://www.axion-ia.com/fr/implantations/pays-de-la-loire/bouguenais,2026-05-12
https://www.axion-ia.com/fr/implantations/normandie/val-de-reuil,2026-05-12
https://www.axion-ia.com/fr/implantations/normandie/granville,2026-05-12
https://www.axion-ia.com/fr/implantations/pays-de-la-loire/cugand-la-bernardiere,2026-05-12
https://www.axion-ia.com/fr/implantations/bretagne/perros-guirec,2026-05-12
https://www.axion-ia.com/fr/implantations/pays-de-la-loire/chaumes-en-retz,2026-05-12
https://www.axion-ia.com/fr/implantations/pays-de-la-loire/la-chapelle-sur-erdre,2026-05-12
https://axion-ia.com/fr/implantations/auvergne-rhone-alpes/saint-ismier,2026-05-12
https://www.axion-ia.com/fr/implantations/bourgogne-franche-comte/chalon-sur-saone,2026-05-12
https://axion-ia.com/fr/implantations/auvergne-rhone-alpes/evian-les-bains,2026-05-12
https://www.axion-ia.com/fr/implantations/ile-de-france/savigny-le-temple,2026-05-12
https://www.axion-ia.com/fr/implantations/normandie/bois-guillaume,2026-05-12
https://www.axion-ia.com/fr/implantations/auvergne-rhone-alpes/saint-galmier,2026-05-12
https://www.axion-ia.com/fr/implantations/provence-alpes-cote-d-azur/gardanne,2026-05-12
https://www.axion-ia.com/fr/implantations/provence-alpes-cote-d-azur/menton,2026-05-12
https://axion-ia.com/fr/implantations/nouvelle-aquitaine/merignac,2026-05-11
https://axion-ia.com/implantations/pays-de-la-loire/noyant-villages-3,2026-05-11
https://www.axion-ia.com/fr/implantations/provence-alpes-cote-d-azur/peypin,2026-05-11
https://axion-ia.com/fr/implantations/pays-de-la-loire/chalonnes-sur-loire,2026-05-11
https://axion-ia.com/fr/implantations/auvergne-rhone-alpes/aix-les-bains,2026-05-11
https://axion-ia.com/fr/implantations/grand-est/behren-les-forbach,2026-05-11
https://axion-ia.com/fr/implantations/provence-alpes-cote-d-azur/gemenos,2026-05-11
https://axion-ia.com/fr/implantations/pays-de-la-loire/guemene-penfao,2026-05-11
https://axion-ia.com/fr/implantations/provence-alpes-cote-d-azur/pourrieres,2026-05-11
https://axion-ia.com/fr/implantations/ile-de-france/chatenay-malabry,2026-05-11
https://axion-ia.com/fr/implantations/nouvelle-aquitaine/gujan-mestras,2026-05-11
https://axion-ia.com/fr/implantations/ile-de-france/saint-gratien,2026-05-11
https://axion-ia.com/fr/implantations/auvergne-rhone-alpes/la-balme-de-sillingy,2026-05-11
https://axion-ia.com/fr/implantations/grand-est/molsheim,2026-05-11
https://axion-ia.com/fr/implantations/ile-de-france/sceaux,2026-05-11
https://axion-ia.com/fr/implantations/provence-alpes-cote-d-azur/sollies-toucas,2026-05-11
https://axion-ia.com/fr/implantations/ile-de-france/maurepas,2026-05-11
https://axion-ia.com/fr/implantations/pays-de-la-loire/avrille,2026-05-11
https://axion-ia.com/fr/implantations/ile-de-france/lesigny,2026-05-11
https://axion-ia.com/fr/implantations/auvergne-rhone-alpes/meyzieu,2026-05-11
https://axion-ia.com/fr/implantations/provence-alpes-cote-d-azur/le-beausset,2026-05-11
https://axion-ia.com/fr/implantations/pays-de-la-loire/trignac,2026-05-11
https://axion-ia.com/fr/implantations/auvergne-rhone-alpes/craponne,2026-05-11
https://axion-ia.com/fr/implantations/ile-de-france/chevreuse,2026-05-11
https://axion-ia.com/fr/implantations/ile-de-france/gagny,2026-05-11
https://axion-ia.com/fr/implantations/auvergne-rhone-alpes/cusset,2026-05-11
https://axion-ia.com/fr/implantations/hauts-de-france/bohain-en-vermandois,2026-05-11
https://axion-ia.com/fr/implantations/pays-de-la-loire/montoir-de-bretagne,2026-05-11
https://axion-ia.com/fr/implantations/ile-de-france/brou-sur-chantereine,2026-05-11
https://axion-ia.com/fr/implantations/grand-est/toul,2026-05-11
https://axion-ia.com/fr/implantations/ile-de-france/moissy-cramayel,2026-05-11
https://axion-ia.com/fr/implantations/pays-de-la-loire/chemille-en-anjou,2026-05-11
https://axion-ia.com/fr/implantations/auvergne-rhone-alpes/venissieux,2026-05-11
https://axion-ia.com/fr/implantations/ile-de-france/juvisy-sur-orge,2026-05-11
https://axion-ia.com/fr/implantations/pays-de-la-loire/rives-du-loir-en-anjou,2026-05-11
https://axion-ia.com/fr/implantations/pays-de-la-loire/coulaines,2026-05-11
https://axion-ia.com/fr/implantations/provence-alpes-cote-d-azur/bandol,2026-05-11
https://axion-ia.com/fr/implantations/auvergne-rhone-alpes/la-mulatiere,2026-05-11
https://axion-ia.com/fr/implantations/nouvelle-aquitaine/saint-sever,2026-05-11
https://axion-ia.com/fr/implantations/ile-de-france/magny-en-vexin,2026-05-11
https://axion-ia.com/fr/interventions/par-ville/saint-mande,2026-05-11
https://axion-ia.com/fr/implantations/provence-alpes-cote-d-azur/ensues-la-redonne,2026-05-11
https://axion-ia.com/fr/implantations/auvergne-rhone-alpes/saint-denis-les-bourg,2026-05-11
https://axion-ia.com/fr/implantations/nouvelle-aquitaine/martignas-sur-jalle,2026-05-11
https://axion-ia.com/fr/implantations/auvergne-rhone-alpes/vernaison,2026-05-11
https://axion-ia.com/fr/implantations/ile-de-france/chanteloup-les-vignes,2026-05-11
https://axion-ia.com/fr/implantations/ile-de-france/courbevoie,2026-05-11
https://www.axion-ia.com/fr/implantations/ile-de-france/lieusaint,2026-05-11
https://axion-ia.com/fr/implantations/nouvelle-aquitaine/coulounieix-chamiers,2026-05-11
https://axion-ia.com/fr/implantations/pays-de-la-loire/murs-erigne,2026-05-11
https://axion-ia.com/fr/implantations/nouvelle-aquitaine/mouguerre,2026-05-11
https://axion-ia.com/fr/implantations/auvergne-rhone-alpes/feurs,2026-05-11
https://axion-ia.com/fr/implantations/grand-est/troyes,2026-05-11
https://axion-ia.com/fr/implantations/auvergne-rhone-alpes/le-chambon-feugerolles,2026-05-11
https://axion-ia.com/fr/implantations/auvergne-rhone-alpes/saint-symphorien-d-ozon,2026-05-11
https://axion-ia.com/fr/implantations/grand-est/maxeville,2026-05-11
https://www.axion-ia.com/fr/implantations/auvergne-rhone-alpes/le-teil,2026-05-11
https://axion-ia.com/fr/implantations/nouvelle-aquitaine/saint-martin-la-pallu,2026-05-11
https://axion-ia.com/fr/implantations/ile-de-france/boussy-saint-antoine,2026-05-11
https://axion-ia.com/fr/implantations/grand-est/vand-uvre-les-nancy,2026-05-11
https://axion-ia.com/fr/implantations/grand-est/fismes,2026-05-11
https://axion-ia.com/fr/implantations/grand-est/altkirch,2026-05-11
https://axion-ia.com/fr/implantations/provence-alpes-cote-d-azur/aix-en-provence,2026-05-11
https://axion-ia.com/fr/implantations/nouvelle-aquitaine/le-taillan-medoc,2026-05-11
https://axion-ia.com/fr/implantations/nouvelle-aquitaine/le-haillan,2026-05-11
https://axion-ia.com/fr/implantations/auvergne-rhone-alpes/veauche,2026-05-11
https://axion-ia.com/fr/implantations/ile-de-france/bretigny-sur-orge,2026-05-11
https://axion-ia.com/fr/implantations/auvergne-rhone-alpes/montluel,2026-05-11
https://axion-ia.com/fr/implantations/provence-alpes-cote-d-azur/saint-chamas,2026-05-11
https://axion-ia.com/fr/implantations/hauts-de-france/margny-les-compiegne,2026-05-11
https://axion-ia.com/fr/implantations/provence-alpes-cote-d-azur/cogolin,2026-05-11
https://axion-ia.com/fr/implantations/auvergne-rhone-alpes/cruseilles,2026-05-11
https://axion-ia.com/fr/implantations/pays-de-la-loire/ligne,2026-05-11
https://axion-ia.com/fr/implantations/nouvelle-aquitaine/boulazac-isle-manoire,2026-05-11
https://axion-ia.com/fr/implantations/pays-de-la-loire/machecoul-saint-meme,2026-05-11
https://axion-ia.com/fr/implantations/nouvelle-aquitaine/gradignan,2026-05-11
https://axion-ia.com/fr/implantations/hauts-de-france/grande-synthe,2026-05-11
https://axion-ia.com/fr/implantations/pays-de-la-loire/allonnes,2026-05-11
https://axion-ia.com/fr/implantations/nouvelle-aquitaine/aytre,2026-05-11
https://axion-ia.com/fr/implantations/auvergne-rhone-alpes/romans-sur-isere,2026-05-11
https://axion-ia.com/fr/implantations/auvergne-rhone-alpes/sainte-sigolene,2026-05-11
https://axion-ia.com/fr/implantations/nouvelle-aquitaine/saint-vincent-de-tyrosse,2026-05-11
https://axion-ia.com/fr/implantations/nouvelle-aquitaine/saint-andre-de-cubzac,2026-05-11
https://axion-ia.com/fr/implantations/provence-alpes-cote-d-azur/port-de-bouc,2026-05-11
https://axion-ia.com/fr/implantations/nouvelle-aquitaine/vouneuil-sous-biard,2026-05-11
https://axion-ia.com/fr/implantations/nouvelle-aquitaine/la-teste-de-buch,2026-05-11
https://axion-ia.com/fr/implantations/ile-de-france/la-celle-saint-cloud,2026-05-11
https://axion-ia.com/fr/implantations/hauts-de-france/bruay-sur-l-escaut,2026-05-11
https://axion-ia.com/fr/implantations/ile-de-france/saulx-les-chartreux,2026-05-11
https://axion-ia.com/fr/implantations/pays-de-la-loire/pont-saint-martin,2026-05-11
https://axion-ia.com/fr/implantations/ile-de-france/savigny-le-temple,2026-05-11
https://axion-ia.com/fr/implantations/auvergne-rhone-alpes/trevoux,2026-05-11
https://axion-ia.com/fr/implantations/nouvelle-aquitaine/bordeaux,2026-05-11
https://axion-ia.com/fr/implantations/hauts-de-france/auchel,2026-05-11
https://axion-ia.com/fr/implantations/nouvelle-aquitaine/cadaujac,2026-05-11
https://axion-ia.com/fr/implantations/nouvelle-aquitaine/orthez,2026-05-11
https://axion-ia.com/fr/implantations/nouvelle-aquitaine/soyaux,2026-05-11
https://axion-ia.com/fr/implantations/provence-alpes-cote-d-azur/le-puy-sainte-reparade,2026-05-11
https://www.axion-ia.com/fr/blog/pourquoi-auditer-avant-implementer,2026-05-11